label,x_in,y_in,Z_MAX_dB,n
R1C3P2,2.8750,0.1250,-49.9877,64
R1C3P3,2.8750,0.8750,-41.3767,64
R1C3P4,2.1250,0.8750,-39.8957,64
R1C4P1,3.1250,0.1250,-54.9842,64
R1C4P3,3.8750,0.8750,-47.5260,64
R1C4P4,3.1250,0.8750,-46.8967,64
R2C2P2,1.8750,1.1250,-32.9683,64
R2C3P1,2.1250,1.1250,-36.1644,64
R2C3P2,2.8750,1.1250,-40.2809,64
R2C3P3,2.8750,1.8750,-47.8521,64
R2C4P1,3.1250,1.1250,-46.9013,64
R2C4P2,3.8750,1.1250,-46.0004,64
R2C4P3,3.8750,1.8750,-35.4318,64
R2C4P4,3.1250,1.8750,-40.0993,64
R2C5P1,4.1250,1.1250,-39.0317,64
R2C5P4,4.1250,1.8750,-30.2904,64
R3C3P1,2.1250,2.1250,-71.1516,64
R3C3P2,2.8750,2.1250,-77.3513,64
R3C3P3,2.8750,2.8750,-77.6484,64
R3C3P4,2.1250,2.8750,-78.5159,64
R3C4P2,3.8750,2.1250,-37.5202,64
R3C4P3,3.8750,2.8750,-43.9074,64
R3C5P1,4.1250,2.1250,-31.7727,64
R3C5P4,4.1250,2.8750,-44.5055,64
R4C2P3,1.8750,3.8750,-28.9374,64
R4C3P2,2.8750,3.1250,-75.6234,64
R4C3P3,2.8750,3.8750,-82.5807,64
R4C4P1,3.1250,3.1250,-74.5830,64
R4C5P1,4.1250,3.1250,-46.3983,64
R5C2P2,1.8750,4.1250,-29.0991,64
R5C3P1,2.1250,4.1250,-34.3692,64
R5C3P3,2.8750,4.8750,-47.8130,64
R5C3P4,2.1250,4.8750,-44.7136,64
R5C4P3,3.8750,4.8750,-45.6349,64
R5C4P4,3.1250,4.8750,-53.2663,64
R6C3P1,2.1250,5.1250,-50.1247,64
R6C3P2,2.8750,5.1250,-48.2536,64
R6C4P1,3.1250,5.1250,-55.4287,64
R6C4P2,3.8750,5.1250,-53.0349,64
