label,x_in,y_in,accuracy,n_correct,n_total
R1C3P2,2.8750,0.1250,1.0000,4,4
R1C3P3,2.8750,0.8750,1.0000,4,4
R1C3P4,2.1250,0.8750,1.0000,4,4
R1C4P1,3.1250,0.1250,1.0000,4,4
R1C4P3,3.8750,0.8750,1.0000,4,4
R1C4P4,3.1250,0.8750,1.0000,4,4
R2C2P2,1.8750,1.1250,1.0000,4,4
R2C3P1,2.1250,1.1250,1.0000,4,4
R2C3P2,2.8750,1.1250,1.0000,4,4
R2C3P3,2.8750,1.8750,1.0000,4,4
R2C4P1,3.1250,1.1250,1.0000,4,4
R2C4P2,3.8750,1.1250,1.0000,4,4
R2C4P3,3.8750,1.8750,1.0000,4,4
R2C4P4,3.1250,1.8750,1.0000,4,4
R2C5P1,4.1250,1.1250,1.0000,4,4
R2C5P4,4.1250,1.8750,1.0000,4,4
R3C3P1,2.1250,2.1250,0.7500,3,4
R3C3P2,2.8750,2.1250,0.5000,2,4
R3C3P3,2.8750,2.8750,0.5000,2,4
R3C3P4,2.1250,2.8750,0.7500,3,4
R3C4P2,3.8750,2.1250,1.0000,4,4
R3C4P3,3.8750,2.8750,1.0000,4,4
R3C5P1,4.1250,2.1250,1.0000,4,4
R3C5P4,4.1250,2.8750,0.7500,3,4
R4C2P3,1.8750,3.8750,1.0000,4,4
R4C3P2,2.8750,3.1250,0.5000,2,4
R4C3P3,2.8750,3.8750,0.7500,3,4
R4C4P1,3.1250,3.1250,0.7500,3,4
R4C5P1,4.1250,3.1250,1.0000,4,4
R5C2P2,1.8750,4.1250,0.7500,3,4
R5C3P1,2.1250,4.1250,1.0000,4,4
R5C3P3,2.8750,4.8750,1.0000,4,4
R5C3P4,2.1250,4.8750,1.0000,4,4
R5C4P3,3.8750,4.8750,1.0000,4,4
R5C4P4,3.1250,4.8750,1.0000,4,4
R6C3P1,2.1250,5.1250,1.0000,4,4
R6C3P2,2.8750,5.1250,1.0000,4,4
R6C4P1,3.1250,5.1250,1.0000,4,4
R6C4P2,3.8750,5.1250,1.0000,4,4
