label,x_in,y_in,Z_S11_dB,Z_S12_dB,n_S11,n_S12
R2C2P3,1.8750,1.8750,-37.8417,-41.8692,32,32
R2C3P2,2.8750,1.1250,-41.9665,-41.0539,32,32
R2C3P3,2.8750,1.8750,-44.7143,-46.4419,32,32
R2C3P4,2.1250,1.8750,-40.4430,-43.6801,32,32
R2C4P1,3.1250,1.1250,-39.9928,-40.3696,32,32
R2C4P3,3.8750,1.8750,-49.0884,-44.1244,32,32
R2C4P4,3.1250,1.8750,-45.6738,-46.6897,32,32
R2C5P4,4.1250,1.8750,-43.2299,-41.3609,32,32
R3C2P2,1.8750,2.1250,-37.0887,-44.2869,32,32
R3C2P3,1.8750,2.8750,-34.9749,-39.6456,32,32
R3C3P1,2.1250,2.1250,-39.2487,-45.1740,32,32
R3C3P2,2.8750,2.1250,-45.4225,-46.6685,32,32
R3C3P3,2.8750,2.8750,-41.6074,-46.5438,32,32
R3C3P4,2.1250,2.8750,-37.1744,-42.1595,32,32
R3C4P1,3.1250,2.1250,-45.1610,-47.2999,32,32
R3C4P2,3.8750,2.1250,-48.4401,-47.5195,32,32
R3C4P3,3.8750,2.8750,-44.4690,-43.3825,32,32
R3C4P4,3.1250,2.8750,-46.5646,-47.0536,32,32
R3C5P1,4.1250,2.1250,-49.2627,-49.1481,32,32
R3C5P4,4.1250,2.8750,-43.4631,-41.9050,32,32
R4C2P2,1.8750,3.1250,-34.9692,-39.3809,32,32
R4C2P3,1.8750,3.8750,-36.1143,-43.0129,32,32
R4C3P1,2.1250,3.1250,-36.5074,-41.1761,32,32
R4C3P2,2.8750,3.1250,-40.8093,-46.9680,32,32
R4C3P3,2.8750,3.8750,-41.1514,-47.1143,32,32
R4C3P4,2.1250,3.8750,-37.0228,-46.4798,32,32
R4C4P1,3.1250,3.1250,-46.4100,-47.3333,32,32
R4C4P2,3.8750,3.1250,-47.4104,-44.6702,32,32
R4C4P3,3.8750,3.8750,-45.4956,-44.1654,32,32
R4C4P4,3.1250,3.8750,-44.7322,-47.0935,32,32
R4C5P1,4.1250,3.1250,-47.1813,-44.3142,32,32
R4C5P4,4.1250,3.8750,-43.4322,-43.1053,32,32
R5C2P2,1.8750,4.1250,-36.8177,-38.7973,32,32
R5C3P1,2.1250,4.1250,-37.6079,-40.6367,32,32
R5C3P2,2.8750,4.1250,-41.5353,-43.2402,32,32
R5C3P3,2.8750,4.8750,-39.5094,-40.9980,32,32
R5C4P1,3.1250,4.1250,-43.2704,-44.5382,32,32
R5C4P2,3.8750,4.1250,-42.7091,-41.8700,32,32
R5C4P4,3.1250,4.8750,-39.7036,-41.7799,32,32
R5C5P1,4.1250,4.1250,-39.6864,-39.3364,32,32
